Workbook

Sheet 견적서
D2: 차량 구매 견적서
A4: 고객명 | B4: 범석환 | F4: 작성일자 | G4: 46184
A5: 구분 | B5: 개인사업자 | F5: 지역 | G5: 경기 남양주시
A6: 소상공인 | B6: O
A7: 경유차 폐차여부 | B7: 경유차없음
A9: 차량/특장 옵션 (VAT 별도) | F9: 차량/특장 옵션 (VAT 별도)
B10: 내용 | D10: 가격(원) | G10: 내용 | H10: 가격(원)
A11: 차량 | B11: 모델명 | C11: STEGO-K | F11: 등록 비용 | G11: 차량 취득세율 | H11: 0.05
B12: PV5 | C12: 플러스 | D12: =_xlfn.XLOOKUP(견적서!C12, 옵션DB!$N:$N, 옵션DB!$O:$O, 0) -> 45136364 | G12: 차량 취득세 | H12: =(D12+H23/11*10)*H11 -> 2264954.5
A13: 냉동 특장 | B13: 탑 높이 | C13: 저상 | D13: =IF(C13="저상",17300000,17600000) -> 17300000 | G13: 차량 취득세 감면 | H13: =IF(H12>=1400000,-1400000,-H12) -> -1400000
B14: 도어옵션 | C14: 슬라이딩 | D14: =_xlfn.XLOOKUP(C13&" "&C14&" 도어추가 "&C15, 옵션DB!$D:$D, 옵션DB!$E:$E, 0) -> 280000 | G14: 특장 취득세율 | H14: 0.02
B15: 도어추가 | C15: X | G15: 특장 취득세 | H15: =SUM(D13:D17)*H14 -> 364000
B16: 온도기록계 | C16: O | D16: =_xlfn.XLOOKUP("온도 기록계 "&C16, 옵션DB!$G:$G, 옵션DB!$H:$H, 0) -> 450000 | G16: 증지대 | H16: 2500
B17: 격벽 | C17: O | D17: =_xlfn.XLOOKUP("격벽 "&C17, 옵션DB!$G:$G, 옵션DB!$H:$H, 0) -> 170000 | G17: 번호판대 | H17: 25000
A18: 판매 가격 | G18: 등록대행료 | H18: 50000
B19: 내용 | D19: 가격(원) | G19: 총 등록 비용 ③ | H19: =SUM(H12:H18) -> 1306454.6
A20: 가격 | B20: 공급가액 | D20: =SUM(D12:D17) -> 63336364
B21: 부가세 (환급가능) | D21: =IF(B5="간이과세자",0,D20/10) -> 6333636.4
B22: 차량가격 (VAT 포함) | D22: =D20+D21 -> 69670000
A23: 보조금 | B23: 전기차보조금 | C23: 국고보조금 | D23: 11500000 | F23: 기타 비용 | G23: 탁송료 | H23: 179000
C24: 지방보조금 | D24: =IF(B5="법인사업자",0,_xlfn.XLOOKUP(G5, 옵션DB!$J:$J, 옵션DB!$K:$K, 0)) -> 3450000 | G24: 기타 수수료 | H24: 50000
C25: 소상공인할인 | D25: =IF(B6="O",D23*0.3,0) -> 3450000 | G25: 총 기타 비용 ④ | H25: =SUM(H23:H24) -> 229000
C26: 경유차 전환 (법인만 해당) | D26: =IF(AND(B5="법인사업자",B7="경유차 유지 후 전기차 전환"),-500000,0) -> 0
B27: 보조금 총액 | D27: =SUM(D23:D26) -> 18400000
A28: 총합 | B28: 보조금 적용 ① | D28: =D22-D27 -> 51270000 | F28: 총 비용 | G28: ①+③+④ | H28: =SUM(D28,H19,H25) -> 52805455
B29: 부가세 환급 후 ② | D29: =D28-D21 -> 44936364 | F29: 부가세 환급후 총 비용(실구매가) | G29: ②+③+④ | H29: =SUM(D29,H19,H25) -> 46471818
A32: * 탁송료 및 보조금 등은 상황에 따라서 변경될 수 있습니다.
A33: * 당사의 프로모션은 매달 변경될 수 있습니다.

Sheet 옵션DB
D1: 저상 여닫이 도어추가 X | E1: 0 | G1: 격벽 O | H1: 170000 | J1: 경북 울릉군 | K1: 12040000 | L1: 1150000 | N1: 베이직 | O1: =47850000/11*10 -> 43500000
D2: 저상 여닫이 도어추가 O | E2: 480000 | G2: 격벽 X | H2: 0 | J2: 전남 보성군 | K2: 9770000 | L2: 660000 | N2: 플러스 | O2: =49650000/11*10 -> 45136364
D3: 저상 슬라이딩 도어추가 X | E3: 280000 | G3: 온도 기록계 O | H3: 450000 | J3: 전남 영암군 | K3: 9550000 | L3: 620000
D4: 저상 슬라이딩 도어추가 O | E4: 1040000 | G4: 온도 기록계 X | H4: 0 | J4: 경기 여주시 | K4: 8050000 | L4: 320000
D5: 표준 여닫이 도어추가 X | E5: 0 | J5: 경기 양평군 | K5: 8050000 | L5: 340000
D6: 표준 여닫이 도어추가 O | E6: 520000 | J6: 전남 고흥군 | K6: 8050000 | L6: 690000
D7: 표준 슬라이딩 도어추가 X | E7: 300000 | J7: 전남 장흥군 | K7: 8050000 | L7: 660000
D8: 표준 슬라이딩 도어추가 O | E8: 1120000 | J8: 전남 강진군 | K8: 8050000 | L8: 660000
J9: 전남 완도군 | K9: 8050000 | L9: 760000
J10: 충남 천안시 | K10: 8000000 | L10: 320000
J11: 충남 공주시 | K11: 8000000 | L11: 370000
J12: 충남 보령시 | K12: 8000000 | L12: 420000
J13: 충남 아산시 | K13: 8000000 | L13: 320000
J14: 충남 서산시 | K14: 8000000 | L14: 350000
J15: 충남 논산시 | K15: 8000000 | L15: 410000
J16: 충남 계룡시 | K16: 8000000 | L16: 390000
J17: 충남 당진시 | K17: 8000000 | L17: 330000
J18: 충남 금산군 | K18: 8000000 | L18: 430000
J19: 충남 부여군 | K19: 8000000 | L19: 410000
J20: 충남 서천군 | K20: 8000000 | L20: 430000
... J160: 경남 산청군 | K160: 3450000 | L160: 580000
J161: 공단 한국환경공단 | K161: 0
